Delivery Date,SO,User,Country,Transport Type,Transport Clasified,Partner,Stock Value USD,Volume M3,Gross Weight KG,Tons,Mes,MesNombre,User_clean,Transport_clean,Country_clean,Fecha,USD_por_ton
2025-07-01 00:00:00,1.0,IFRC,Panama,Land,,,5953.0,1.06,540.0,0.54,01,Enero,IFRC,Terrestre,Panamá,2025-07-01,11024.074074074073
2025-07-01 00:00:00,1.0,IFRC,Panama,Land,,,5953.0,1.59,293.4,0.2934,01,Enero,IFRC,Terrestre,Panamá,2025-07-01,20289.70688479891
2025-07-01 00:00:00,1.0,IFRC,Panama,Land,,,5953.0,0.21,42.0,0.042,01,Enero,IFRC,Terrestre,Panamá,2025-07-01,141738.09523809524
2025-07-01 00:00:00,1.0,IFRC,Panama,Land,,,5953.0,0.46,54.0,0.054,01,Enero,IFRC,Terrestre,Panamá,2025-07-01,110240.74074074074
2025-07-01 00:00:00,1.0,IFRC,Panama,Land,,,5953.0,0.36,124.8,0.1248,01,Enero,IFRC,Terrestre,Panamá,2025-07-01,47700.320512820515
2025-07-01 00:00:00,1.0,IFRC,Panama,Land,,,5953.0,0.03,20.4,0.020399999999999998,01,Enero,IFRC,Terrestre,Panamá,2025-07-01,291813.7254901961
2025-07-01 00:00:00,1.0,IFRC,Panama,Land,,,5953.0,0.08,9.6,0.0096,01,Enero,IFRC,Terrestre,Panamá,2025-07-01,620104.1666666667
2025-07-01 00:00:00,1.0,IFRC,Panama,Land,,,5953.0,0.25,190.0,0.19,01,Enero,IFRC,Terrestre,Panamá,2025-07-01,31331.57894736842
2025-07-01 00:00:00,1.0,IFRC,Panama,Land,,,5953.0,0.49,60.0,0.06,01,Enero,IFRC,Terrestre,Panamá,2025-07-01,99216.66666666667
2025-07-01 00:00:00,2.0,IFRC,Panama,Land,,,6615.0,8.24,31174.0,31.174,01,Enero,IFRC,Terrestre,Panamá,2025-07-01,212.19606081991404
2025-08-01 00:00:00,3.0,IFRC,Panama,Land,,,62924.4,45.36,18144.0,18.144,01,Enero,IFRC,Terrestre,Panamá,2025-08-01,3468.055555555556
2025-08-01 00:00:00,3.0,IFRC,Panama,Land,,,102564.0,49.89,19958.4,19.9584,01,Enero,IFRC,Terrestre,Panamá,2025-08-01,5138.888888888889
2025-10-01 00:00:00,4.0,IFRC,Panama,Land,,,0.0,0.58,54.3,0.054299999999999994,01,Enero,IFRC,Terrestre,Panamá,2025-10-01,0.0
2025-10-01 00:00:00,4.0,IFRC,Panama,Land,,,0.0,575.0,1.63,0.00163,01,Enero,IFRC,Terrestre,Panamá,2025-10-01,0.0
2025-10-01 00:00:00,4.0,IFRC,Panama,Land,,,0.0,0.72,443.2,0.4432,01,Enero,IFRC,Terrestre,Panamá,2025-10-01,0.0
2025-10-01 00:00:00,4.0,IFRC,Panama,Land,,,0.0,0.45,237.8,0.2378,01,Enero,IFRC,Terrestre,Panamá,2025-10-01,0.0
2025-10-01 00:00:00,4.0,IFRC,Panama,Land,,,0.0,1.1,215.2,0.2152,01,Enero,IFRC,Terrestre,Panamá,2025-10-01,0.0
13/01/2025,2007668.0,WFP-UNHRD,Guatemala,Sea,,UNHCR,34831.600000000006,45.51,7137.0,7.137,01,Enero,UNHRD,Marítimo,Guatemala,2025-01-13,4880.4259492784095
14/01/2025,5.0,IFRC,Panama,Land,,,0.0,0.56,520.2,0.5202,01,Enero,IFRC,Terrestre,Panamá,2025-01-14,0.0
14/01/2025,5.0,IFRC,Panama,Land,,,0.0,0.43,232.0,0.232,01,Enero,IFRC,Terrestre,Panamá,2025-01-14,0.0
14/01/2025,5.0,IFRC,Panama,Land,,,0.0,1.56,552.0,0.552,01,Enero,IFRC,Terrestre,Panamá,2025-01-14,0.0
14/01/2025,5.0,IFRC,Panama,Land,,,0.0,3.51,2808.0,2.808,01,Enero,IFRC,Terrestre,Panamá,2025-01-14,0.0
16/01/2025,6.0,IFRC,Cuba,Sea,,,46000.0,12.249999999999998,9768.0,9.768,01,Enero,IFRC,Marítimo,Cuba,2025-01-16,4709.254709254709
16/01/2025,6.0,IFRC,Cuba,Sea,,,862.05,0.149688,69.6,0.0696,01,Enero,IFRC,Marítimo,Cuba,2025-01-16,12385.775862068966
16/01/2025,6.0,IFRC,Cuba,Sea,,,175.0,0.10705500000000001,26.2,0.026199999999999998,01,Enero,IFRC,Marítimo,Cuba,2025-01-16,6679.3893129770995
16/01/2025,6.0,IFRC,Cuba,Sea,,,50.0,0.10705500000000001,39.4,0.0394,01,Enero,IFRC,Marítimo,Cuba,2025-01-16,1269.0355329949239
16/01/2025,6.0,IFRC,Cuba,Sea,,,786.0,0.21411000000000002,89.6,0.0896,01,Enero,IFRC,Marítimo,Cuba,2025-01-16,8772.32142857143
16/01/2025,6.0,IFRC,Cuba,Sea,,,637.25,0.26107812500000005,52.8,0.0528,01,Enero,IFRC,Marítimo,Cuba,2025-01-16,12069.128787878788
16/01/2025,6.0,IFRC,Cuba,Sea,,,2678.0,3.1122,779.4,0.7794,01,Enero,IFRC,Marítimo,Cuba,2025-01-16,3435.9763920964847
16/01/2025,6.0,IFRC,Cuba,Sea,,,7040.0,51.383359999999996,1396.0,1.396,01,Enero,IFRC,Marítimo,Cuba,2025-01-16,5042.9799426934105
20/01/2025,7.0,IFRC,Costa Rica,Land,,,53627.0,26.56,2695.0,2.695,01,Enero,IFRC,Terrestre,Costa Rica,2025-01-20,19898.7012987013
20/01/2025,7.0,,,,,,324743.3,831.5845461249999,,97.72793000000001,01,Enero,,,,2025-01-20,3322.9323490224333
17/02/2025,2007696.0,WFP - UNHRD,Cuba,Air commercial,Air,UNICEF,66152.32,62.078,18708.0,18.708,02,Febrero,UNHRD,Aéreo,Cuba,2025-02-17,3536.044472952748
17/02/2025,2007696.0,WFP - UNHRD,Saint Vincent and the Grenadines,Air commercial,Air,UNICEF,208.82,1.2e-07,12.0,0.012,02,Febrero,UNHRD,Aéreo,San Vicente y las Granadinas,2025-02-17,17401.666666666664
13/02/2025,2007732.0,WFP - UNHRD,Guatemala,Air commercial,Air,UNICEF,3178.59,0.57,160.0,0.16,02,Febrero,UNHRD,Aéreo,Guatemala,2025-02-13,19866.1875
10/02/2025,5413.0,WFP - UNHRD,Honduras,Sea,Sea,WFP,47359.6,16.77,7680.0,7.68,02,Febrero,UNHRD,Marítimo,Honduras,2025-02-10,6166.614583333333
10/02/2025,2007698.0,WFP - UNHRD,Dominican Republic,Sea,Sea,UNHCR,54983.54,67.53,16211.0,16.211,02,Febrero,UNHRD,Marítimo,República Dominicana,2025-02-10,3391.742643883783
07/02/2025,2007680.0,WFP - UNHRD,Colombia,Air commercial,Air,UNHCR,5615.88,5.52,1512.0,1.512,02,Febrero,UNHRD,Aéreo,Colombia,2025-02-07,3714.2063492063494
03/02/2025,2007669.0,WFP - UNHRD,Honduras,Air commercial,Air,Brazilian Cooperation Agency – ABC,7115.65,0.29,42.0,0.042,02,Febrero,UNHRD,Aéreo,Honduras,2025-02-03,169420.23809523808
01/02/2025,5332.0,WFP - UNHRD,Cuba,Sea,Sea,WFP,19600.78,50.0,5963.0,5.963,02,Febrero,UNHRD,Marítimo,Cuba,2025-02-01,3287.0669126278717
01/02/2025,2007696.0,WFP - UNHRD,Grenada,Air commercial,Air,UNICEF,52.45,0.03,3.0,0.003,02,Febrero,UNHRD,Aéreo,Granada,2025-02-01,17483.333333333332
01/02/2025,2007696.0,WFP - UNHRD,Barbados,Air commercial,Air,UNICEF,52.12,0.03,3.0,0.003,02,Febrero,UNHRD,Aéreo,Barbados,2025-02-01,17373.333333333332
01/02/2025,2007712.0,WFP - UNHRD,Brazil,Air commercial,Air,UNHCR,7685.15,8.88,2892.5,2.8925,02,Febrero,UNHRD,Aéreo,Brasil,2025-02-01,2656.9230769230767
01/02/2025,2007712.0,,,,,,212004.90000000002,211.69800012000002,,53.1865,02,Febrero,,,,2025-02-01,3986.066012992019
01/03/2025,5423.0,WFP - UNHRD,Cuba,Sea,Sea,WFP,105716.6,66.45,18868.989999999998,18.868989999999997,03,Marzo,UNHRD,Marítimo,Cuba,2025-03-01,5602.663417596809
2025-03-03 00:00:00,8.0,IFRC,Panama,Road,Land,,800.0,3.334,438.5,0.4385,03,Marzo,IFRC,Terrestre,Panamá,2025-03-03,1824.4013683010262
2025-06-03 00:00:00,9.0,IFRC,Dominican Republic,Sea,Sea,,15000.0,20.33,3841.6,3.8416,03,Marzo,IFRC,Marítimo,República Dominicana,2025-06-03,3904.6230737192836
2025-12-03 00:00:00,10.0,IFRC,Dominican Republic,Sea,Sea,,28200.0,18.42,2280.0,2.28,03,Marzo,IFRC,Marítimo,República Dominicana,2025-12-03,12368.42105263158
18/03/2025,2007629.0,WFP - UNHRD,Cuba,Air charter,Air,UNICEF,83127.03,72.83,10159.0,10.159,03,Marzo,UNHRD,Aéreo,Cuba,2025-03-18,8182.599665321389
18/03/2025,2007696.0,WFP - UNHRD,Panama,Land,Land,UNICEF,11415.11,7.94,1602.0,1.602,03,Marzo,UNHRD,Terrestre,Panamá,2025-03-18,7125.536828963795
18/03/2025,2007788.0,WFP - UNHRD,Panama,Land,Land,UNICEF,3473.69,1.2635999999999998,210.6,0.21059999999999998,03,Marzo,UNHRD,Terrestre,Panamá,2025-03-18,16494.25451092118
18/03/2025,11.0,IFRC,Argentina,Air,Air,,1600.0,0.037,9.0,0.009,03,Marzo,IFRC,Aéreo,Argentina,2025-03-18,177777.77777777778
21/03/2025,2007740.0,WFP - UNHRD,Chad,Sea,Sea,UNICEF,12903.62,10.843,4002.0,4.002,03,Marzo,UNHRD,Marítimo,Chad,2025-03-21,3224.292853573214
25/03/2025,12.0,IFRC,Panama,Road,Land,,2800.0,0.21,32.0,0.032,03,Marzo,IFRC,Terrestre,Panamá,2025-03-25,87500.0
26/03/2025,5416.0,WFP - UNHRD,Cuba,Sea,Sea,WFP,28364.74,19.091,3381.0,3.381,03,Marzo,UNHRD,Marítimo,Cuba,2025-03-26,8389.452824608104
27/03/2025,2007802.0,WFP - UNHRD,Panama,Land,Land,UNICEF,19768.0,18.19,3521.0,3.521,03,Marzo,UNHRD,Terrestre,Panamá,2025-03-27,5614.3141153081515
27/03/2025,2007802.0,,,,,,313168.79,238.9386,,48.34569,03,Marzo,,,,2025-03-27,6477.698218807095
01/04/2025,2007743.0,WFP - UNHRD,Panama,Land,Land,UNICEF,20384.55,26.400000000000002,7400.0,7.4,04,Abril,UNHRD,Terrestre,Panamá,2025-04-01,2754.6689189189187
02/04/2025,5477.0,WFP - UNHRD,Haiti,Air charter,Air,WFP,76228.22,3.014,1029.0,1.029,04,Abril,UNHRD,Aéreo,Haití,2025-04-02,74079.90281827017
02/04/2025,2007660.0,WFP - UNHRD,Panama,Sea,Sea,UNICEF,18310.0,15.54,3521.0,3.521,04,Abril,UNHRD,Marítimo,Panamá,2025-04-02,5200.2272081794945
02/04/2025,2007738.0,WFP - UNHRD,Haiti,Air charter,Air,UNFPA,4691.5,1.38,217.0,0.217,04,Abril,UNHRD,Aéreo,Haití,2025-04-02,21619.815668202766
02/04/2025,2007738.0,WFP - UNHRD,Haiti,Air charter,Air,UNFPA,2412.79,0.94,98.75,0.09875,04,Abril,UNHRD,Aéreo,Haití,2025-04-02,24433.3164556962
02/04/2025,2007795.0,WFP - UNHRD,Honduras,Air commercial,Air,UNICEF,1870.45,1.29,137.0,0.137,04,Abril,UNHRD,Aéreo,Honduras,2025-04-02,13652.919708029196
02/04/2025,2007797.0,WFP - UNHRD,Haiti,Air commercial,Air,PAHO,28222.500000000004,22.307999999999996,2755.4,2.7554000000000003,04,Abril,UNHRD,Aéreo,Haití,2025-04-02,10242.614502431588
02/04/2025,2007803.0,WFP - UNHRD,Haiti,Land,Land,UNICEF,55391.26,54.519999999999996,6232.0,6.232,04,Abril,UNHRD,Terrestre,Haití,2025-04-02,8888.199614890886
02/04/2025,2007807.0,WFP - UNHRD,Haiti,Land,Land,IOM,54460.78,74.98,8147.0,8.147,04,Abril,UNHRD,Terrestre,Haití,2025-04-02,6684.764944151221
2025-11-04 00:00:00,13.0,IFRC,Guatemala,Air,Air,,2400.0,24.0,0.15,0.00015,04,Abril,IFRC,Aéreo,Guatemala,2025-11-04,16000000.000000002
16/04/2025,14.0,IFRC,Argentina,Air,Air,,260.0,1.4,0.4,0.0004,04,Abril,IFRC,Aéreo,Argentina,2025-04-16,650000.0
22/04/2025,15.0,IFRC,Ecuador,Sea,Sea,,17144.52,38.63,10868.0,10.868,04,Abril,IFRC,Marítimo,Ecuador,2025-04-22,1577.523003312477
22/04/2025,15.0,IFRC,Ecuador,Sea,Sea,,493.88,1.76,494.0,0.494,04,Abril,IFRC,Marítimo,Ecuador,2025-04-22,999.7570850202429
22/04/2025,15.0,IFRC,Ecuador,Sea,Sea,,27749.94,18.21,2157.59,2.1575900000000003,04,Abril,IFRC,Marítimo,Ecuador,2025-04-22,12861.544593736528
22/04/2025,15.0,IFRC,Ecuador,Sea,Sea,,2610.9,14.0,1.4,0.0014,04,Abril,IFRC,Marítimo,Ecuador,2025-04-22,1864928.5714285716
22/04/2025,15.0,IFRC,Ecuador,Sea,Sea,,0.0,3.0,0.03,2.9999999999999997e-05,04,Abril,IFRC,Marítimo,Ecuador,2025-04-22,0.0
22/04/2025,15.0,IFRC,Ecuador,Sea,Sea,,33991.2,22.000000000000004,9766.67,9.76667,04,Abril,IFRC,Marítimo,Ecuador,2025-04-22,3480.326457226465
22/04/2025,15.0,IFRC,Ecuador,Sea,Sea,,20111.45,13.69,2472.0,2.472,04,Abril,IFRC,Marítimo,Ecuador,2025-04-22,8135.699838187703
22/04/2025,15.0,IFRC,Ecuador,Sea,Sea,,23232.75,17.11,3090.0,3.09,04,Abril,IFRC,Marítimo,Ecuador,2025-04-22,7518.68932038835
23/04/2025,16.0,IFRC,Panama,Road,Land,,0.0,224.4,1.27,0.00127,04,Abril,IFRC,Terrestre,Panamá,2025-04-23,0.0
23/04/2025,16.0,,,,,,389966.6900000001,578.572,,58.388659999999994,04,Abril,,,,2025-04-23,6678.808693331893
2025-07-05 00:00:00,17.0,IFRC,El Salvador,Air,Air,,23400.0,2.18,278.1,0.2781,05,Mayo,IFRC,Aéreo,El Salvador,2025-07-05,84142.39482200646
13/05/2025,18.0,IFRC,Panama,Road,Land,,0.0,0.27,78.0,0.078,05,Mayo,IFRC,Terrestre,Panamá,2025-05-13,0.0
14/05/2025,19.0,IFRC,Cuba,Sea,Sea,,6700.0,0.64125,50.0,0.05,05,Mayo,IFRC,Marítimo,Cuba,2025-05-14,134000.0
14/05/2025,19.0,IFRC,Cuba,Sea,Sea,,5400.0,0.11,60.0,0.06,05,Mayo,IFRC,Marítimo,Cuba,2025-05-14,90000.0
14/05/2025,19.0,IFRC,Cuba,Sea,Sea,,1600.0,0.18,30.0,0.03,05,Mayo,IFRC,Marítimo,Cuba,2025-05-14,53333.333333333336
14/05/2025,19.0,IFRC,Cuba,Sea,Sea,,225.0,0.006912,7.000000000000001,0.007000000000000001,05,Mayo,IFRC,Marítimo,Cuba,2025-05-14,32142.857142857138
14/05/2025,19.0,IFRC,Cuba,Sea,Sea,,1900.0,0.41216,150.0,0.15,05,Mayo,IFRC,Marítimo,Cuba,2025-05-14,12666.666666666668
14/05/2025,19.0,IFRC,Cuba,Sea,Sea,,1450.0,0.94,195.0,0.195,05,Mayo,IFRC,Marítimo,Cuba,2025-05-14,7435.897435897436
14/05/2025,19.0,IFRC,Cuba,Sea,Sea,,24500.0,3.18816,223.20000000000002,0.2232,05,Mayo,IFRC,Marítimo,Cuba,2025-05-14,109767.02508960573
14/05/2025,19.0,IFRC,Cuba,Sea,Sea,,2248.5,0.04765200000000001,11.8,0.011800000000000001,05,Mayo,IFRC,Marítimo,Cuba,2025-05-14,190550.8474576271
14/05/2025,19.0,IFRC,Cuba,Sea,Sea,,21450.0,6.54368,701.9999999999999,0.7019999999999998,05,Mayo,IFRC,Marítimo,Cuba,2025-05-14,30555.555555555562
14/05/2025,19.0,IFRC,Cuba,Sea,Sea,,3705.0,2.8571400000000002,744.25,0.74425,05,Mayo,IFRC,Marítimo,Cuba,2025-05-14,4978.165938864629
14/05/2025,19.0,IFRC,Cuba,Sea,Sea,,72660.0,58.7,17092.0,17.092,05,Mayo,IFRC,Marítimo,Cuba,2025-05-14,4251.111631172479
14/05/2025,19.0,IFRC,Cuba,Sea,Sea,,0.0,0.0,0.0,0.0,05,Mayo,IFRC,Marítimo,Cuba,2025-05-14,
22/05/2025,2007844.0,WFP - UNHRD,Panama,Land,Land,UNICEF,41625.55,29.41999999999999,6897.999000000001,6.897999,05,Mayo,UNHRD,Terrestre,Panamá,2025-05-22,6034.438392931052
22/05/2025,2007844.0,,,,,,206864.05,105.49695399999999,,26.519349,05,Mayo,,,,2025-05-22,7800.495027234643
2025-06-01 00:00:00,,WFP - UNHRD,Haiti,Aérea,,WFP,36760.0,1.4,84.0,0.084,06,junio,UNHRD,Aéreo,Haití,2025-06-01,437619.0476190476
2025-06-01 00:00:00,,WFP - UNHRD,Haiti,Aérea,,WFP,2750.42,4.9,349.0,0.349,06,junio,UNHRD,Aéreo,Haití,2025-06-01,7880.859598853869
2025-06-01 00:00:00,,WFP - UNHRD,Cuba,Marítima,,UNFPA,58845.85,22.0,4990.0,4.99,06,junio,UNHRD,Marítimo,Cuba,2025-06-01,11792.755511022044
2025-06-02 00:00:00,,WFP - UNHRD,Haiti,Marítima,,IOM,354333.69,476.5,116361.999,116.361999,06,junio,UNHRD,Marítimo,Haití,2025-06-02,3045.097996296884
2025-06-02 00:00:00,,IFRC,Jamaica,Marítima,,International Federation of Red Cross C/O Jamaica Red Cross,9125.0,5.5,2441.67,2.4416700000000002,06,junio,IFRC,Marítimo,Jamaica,2025-06-02,3737.1962632132922
2025-06-02 00:00:00,,IFRC,Jamaica,Marítima,,International Federation of Red Cross C/O Jamaica Red Cross,1300.0,1.5,112.6,0.11259999999999999,06,junio,IFRC,Marítimo,Jamaica,2025-06-02,11545.293072824157
2025-06-05 00:00:00,,IFRC,Grenada,Marítima,,The Grenada Red Cross Society,1812.0,1.6,456.0,0.456,06,junio,IFRC,Marítimo,Granada,2025-06-05,3973.684210526316
2025-06-05 00:00:00,,IFRC,Grenada,Marítima,,The Grenada Red Cross Society,7248.0,6.5,1824.0,1.824,06,junio,IFRC,Marítimo,Granada,2025-06-05,3973.684210526316
2025-06-05 00:00:00,,IFRC,Grenada,Marítima,,The Grenada Red Cross Society,14063.192000000001,6.7,570.0,0.57,06,junio,IFRC,Marítimo,Granada,2025-06-05,24672.26666666667
2025-06-05 00:00:00,,IFRC,Grenada,Marítima,,The Grenada Red Cross Society,22945.208000000002,10.9,930.0,0.93,06,junio,IFRC,Marítimo,Granada,2025-06-05,24672.266666666666
2025-06-05 00:00:00,,IFRC,Grenada,Marítima,,The Grenada Red Cross Society,3120.0,2.2,260.0,0.26,06,junio,IFRC,Marítimo,Granada,2025-06-05,12000.0
2025-06-05 00:00:00,,IFRC,Grenada,Marítima,,The Grenada Red Cross Society,3120.0,2.2,260.0,0.26,06,junio,IFRC,Marítimo,Granada,2025-06-05,12000.0
2025-06-05 00:00:00,,IFRC,Grenada,Marítima,,The Grenada Red Cross Society,185.625,0.2,19.6875,0.0196875,06,junio,IFRC,Marítimo,Granada,2025-06-05,9428.57142857143
2025-06-05 00:00:00,,IFRC,Grenada,Marítima,,The Grenada Red Cross Society,2028.0,3.3,220.00000000000003,0.22000000000000003,06,junio,IFRC,Marítimo,Granada,2025-06-05,9218.181818181816
2025-06-05 00:00:00,,IFRC,Grenada,Marítima,,The Grenada Red Cross Society,2028.0,3.3,220.00000000000003,0.22000000000000003,06,junio,IFRC,Marítimo,Granada,2025-06-05,9218.181818181816
2025-06-05 00:00:00,,IFRC,Grenada,Marítima,,The Grenada Red Cross Society,1014.0,1.6,110.00000000000001,0.11000000000000001,06,junio,IFRC,Marítimo,Granada,2025-06-05,9218.181818181816
2025-06-05 00:00:00,,IFRC,Grenada,Marítima,,The Grenada Red Cross Society,1014.0,1.6,110.00000000000001,0.11000000000000001,06,junio,IFRC,Marítimo,Granada,2025-06-05,9218.181818181816
2025-06-18 00:00:00,,IFRC,Panama,Terrestre,,Cruz Roja Panameña,800.0,1.84,406.8,0.4068,06,junio,IFRC,Terrestre,Panamá,2025-06-18,1966.568338249754
2025-06-24 00:00:00,,IFRC,Haiti,Aérea,,SOCIETE NATIONALE DE LA CROIX-ROUGE HAITIENNE,9618.0,12.72,2490.0,2.49,06,junio,IFRC,Aéreo,Haití,2025-06-24,3862.6506024096384
2025-06-24 00:00:00,,IFRC,Haiti,Aérea,,SOCIETE NATIONALE DE LA CROIX-ROUGE HAITIENNE,12824.0,15.84,3198.0,3.198,06,junio,IFRC,Aéreo,Haití,2025-06-24,4010.006253908693
2025-06-25 00:00:00,,IFRC,Haiti,Aérea,,SOCIETE NATIONALE DE LA CROIX-ROUGE HAITIENNE,9618.0,13.52,2570.4,2.5704000000000002,06,junio,IFRC,Aéreo,Haití,2025-06-25,3741.830065359477
2025-06-25 00:00:00,,IFRC,Honduras,Terrestre,,CRUZ ROJA HONDUREÑA,45325.0,28.34,4940.0,4.94,06,junio,IFRC,Terrestre,Honduras,2025-06-25,9175.101214574897
2025-06-25 00:00:00,,IFRC,Honduras,Terrestre,,CRUZ ROJA HONDUREÑA,45325.0,28.34,4940.0,4.94,06,junio,IFRC,Terrestre,Honduras,2025-06-25,9175.101214574897
2025-06-25 00:00:00,,IFRC,Honduras,Terrestre,,CRUZ ROJA HONDUREÑA,45325.0,28.34,4940.0,4.94,06,junio,IFRC,Terrestre,Honduras,2025-06-25,9175.101214574897
2025-06-25 00:00:00,,IFRC,Honduras,Terrestre,,CRUZ ROJA HONDUREÑA,45325.0,28.34,4940.0,4.94,06,junio,IFRC,Terrestre,Honduras,2025-06-25,9175.101214574897
2025-06-26 00:00:00,,WFP - UNHRD,Haiti,Aérea,,IOM,6929.65,15.4,1963.0,1.963,06,junio,UNHRD,Aéreo,Haití,2025-06-26,3530.1324503311257
2025-06-27 00:00:00,,WFP - UNHRD,Haiti,Aérea,,AECID,150338.05,57.9,13232.0,13.232,06,junio,UNHRD,Aéreo,Haití,2025-06-27,11361.7026904474
2025-06-27 00:00:00,,WFP - UNHRD,Haiti,Aérea,,Norwegian Refugee Council,7.029999999999999,0.0,20.0,0.02,06,junio,UNHRD,Aéreo,Haití,2025-06-27,351.49999999999994
2025-06-27 00:00:00,,WFP - UNHRD,Haiti,Aérea,,UNICEF,3217.32,6.7,1836.0,1.836,06,junio,UNHRD,Aéreo,Haití,2025-06-27,1752.3529411764705
2025-06-28 00:00:00,,WFP - UNHRD,Uruguay,Aérea,,UNICEF,1166.25,1.6,96.0,0.096,06,junio,UNHRD,Aéreo,Uruguay,2025-06-28,12148.4375
2025-06-28 00:00:00,,,,,,,897511.2849999998,790.7800000000003,,174.89115650000005,06,junio,,,,2025-06-28,5131.82772051713
2025-02-07 00:00:00,,IFRC,Panamá,Terrestre,,Cruz Roja Panameña,15000.0,10.0,1233.33,1.23333,07,julio,IFRC,Terrestre,Panamá,2025-02-07,12162.195032959547
2025-02-07 00:00:00,,IFRC,Panamá,Terrestre,,Cruz Roja Panameña,5000.0,1.3,126.0,0.126,07,julio,IFRC,Terrestre,Panamá,2025-02-07,39682.53968253968
2025-04-07 00:00:00,,IFRC,Cuba,Marítima,,"MEDICUBA , S.A / CRUZ ROJA CUBANA",52050.00000000001,36.5,10500.0,10.5,07,julio,IFRC,Marítimo,Cuba,2025-04-07,4957.142857142858
2025-04-07 00:00:00,,IFRC,Cuba,Marítima,,"MEDICUBA , S.A / CRUZ ROJA CUBANA",44100.0,6.4,446.4,0.44639999999999996,07,julio,IFRC,Marítimo,Cuba,2025-04-07,98790.32258064517
2025-04-07 00:00:00,,IFRC,Cuba,Marítima,,"MEDICUBA , S.A / CRUZ ROJA CUBANA",3747.5,0.1,20.0,0.02,07,julio,IFRC,Marítimo,Cuba,2025-04-07,187375.0
2025-04-07 00:00:00,,IFRC,Cuba,Marítima,,"MEDICUBA , S.A / CRUZ ROJA CUBANA",9365.67,5.3,1693.66,1.6936600000000002,07,julio,IFRC,Marítimo,Cuba,2025-04-07,5529.840700022436
2025-04-07 00:00:00,,IFRC,Cuba,Marítima,,"MEDICUBA , S.A / CRUZ ROJA CUBANA",7750.0,12.6,1050.0,1.05,07,julio,IFRC,Marítimo,Cuba,2025-04-07,7380.952380952381
2025-04-07 00:00:00,,IFRC,Cuba,Marítima,,"MEDICUBA , S.A / CRUZ ROJA CUBANA",12420.0,1.3,923.4,0.9234,07,julio,IFRC,Marítimo,Cuba,2025-04-07,13450.292397660818
2025-04-07 00:00:00,,IFRC,Cuba,Marítima,,"MEDICUBA , S.A / CRUZ ROJA CUBANA",6296.25,3.3,1141.72,1.14172,07,julio,IFRC,Marítimo,Cuba,2025-04-07,5514.7058823529405
2025-04-07 00:00:00,,IFRC,Cuba,Marítima,,"MEDICUBA , S.A / CRUZ ROJA CUBANA",4875.0,2.5,884.0000000000001,0.8840000000000001,07,julio,IFRC,Marítimo,Cuba,2025-04-07,5514.7058823529405
2025-10-07 00:00:00,,IFRC,Ecuador,Marítima,,Sociedad Nacional de la Cruz Roja Ecuatoriana,26017.74,18.8,7700.0,7.7,07,julio,IFRC,Marítimo,Ecuador,2025-10-07,3378.927272727273
2025-10-07 00:00:00,,IFRC,Ecuador,Marítima,,Sociedad Nacional de la Cruz Roja Ecuatoriana,26458.74,13.4,6720.0,6.72,07,julio,IFRC,Marítimo,Ecuador,2025-10-07,3937.3125000000005
16/07/2025,,IFRC,Panamá,Terrestre,,Cruz Roja Panameña,9000.0,13.3,1309.0,1.309,07,julio,IFRC,Terrestre,Panamá,2025-07-16,6875.477463712758
18/07/2025,,IFRC,Venezuela,Marítima,,Federación Internacional de Sociedades de la Cruz Roja y de la Media Luna Roja,55230.0,61.3,13751.4,13.7514,07,julio,IFRC,Marítimo,Venezuela,2025-07-18,4016.318338496444
18/07/2025,,IFRC,Venezuela,Marítima,,Federación Internacional de Sociedades de la Cruz Roja y de la Media Luna Roja,900.0,3.0,309.7,0.3097,07,julio,IFRC,Marítimo,Venezuela,2025-07-18,2906.0381013884407
23/07/2025,,IFRC,Barbados,Marítima,,ShelterBox,28880.0,24.3,10010.0,10.01,07,julio,IFRC,Marítimo,Barbados,2025-07-23,2885.114885114885
23/07/2025,,IFRC,Barbados,Marítima,,ShelterBox,249425.28,122.2,28800.0,28.8,07,julio,IFRC,Marítimo,Barbados,2025-07-23,8660.6
24/07/2025,,IFRC,Barbados,Marítima,,ShelterBox,64160.0,61.6,19348.0,19.348,07,julio,IFRC,Marítimo,Barbados,2025-07-24,3316.1050237750674
24/07/2025,,IFRC,Barbados,Marítima,,ShelterBox,34150.0,64.1,6741.0,6.741,07,julio,IFRC,Marítimo,Barbados,2025-07-24,5066.013944518618
23/07/2025,,IFRC,Barbados,Marítima,,ShelterBox,3560.0,5.3,549.0,0.549,07,julio,IFRC,Marítimo,Barbados,2025-07-23,6484.517304189435
23/07/2025,,IFRC,Barbados,Marítima,,ShelterBox,8280.0,8.0,1971.0,1.971,07,julio,IFRC,Marítimo,Barbados,2025-07-23,4200.913242009132
23/07/2025,,IFRC,Barbados,Marítima,,ShelterBox,18860.0,1.8,399.2,0.3992,07,julio,IFRC,Marítimo,Barbados,2025-07-23,47244.48897795591
23/07/2025,,IFRC,Barbados,Marítima,,ShelterBox,4880.0,5.2,1440.0,1.44,07,julio,IFRC,Marítimo,Barbados,2025-07-23,3388.888888888889
7/22/2025,,WFP - UNHRD,Haiti,Marítima,,Medecins Sans Frontieres Belgium,18890.02,10.76,1184.0,1.184,07,julio,UNHRD,Marítimo,Haití,2025-07-22,15954.408783783785
7/21/2025,,WFP - UNHRD,Panama,Terrestre,,UNICEF,37834.14000000001,36.78,7080.9800000000005,7.08098,07,julio,UNHRD,Terrestre,Panamá,2025-07-21,5343.065507881678
7/8/2025,,WFP - UNHRD,Panama,Terrestre,,ShelterBox,3179.25,7.68,875.0,0.875,07,julio,UNHRD,Terrestre,Panamá,2025-08-07,3633.4285714285716
7/1/2025,,WFP - UNHRD,Jamaica,Multimodal,,WFP,75518.14,29.060000000000002,9514.0,9.514,07,julio,UNHRD,Multimodal,Jamaica,2025-01-07,7937.580407820055
7/1/2025,,WFP - UNHRD,Barbados,Marítima,,WFP,19849.58,7.16,690.0,0.69,07,julio,UNHRD,Marítimo,Barbados,2025-01-07,28767.507246376816
7/1/2025,,WFP - UNHRD,Honduras,Marítima,,WVI,9632.56,2.75,685.0,0.685,07,julio,UNHRD,Marítimo,Honduras,2025-01-07,14062.131386861312
7/1/2025,,,,,,,855309.87,575.7899999999998,,137.09579,07,julio,,,,2025-01-07,6238.775603539686
2025-01-08 00:00:00,,WFP - UNHRD,Belize,Terrestre,,UNFPA,8516.67,0.01,100.0,0.1,08,Agosto,UNHRD,Terrestre,Belice,2025-01-08,85166.7
2025-04-08 00:00:00,,WFP - UNHRD,Cuba,Aérea,,PAHO,51086.759999999995,5.74,682.0,0.682,08,Agosto,UNHRD,Aéreo,Cuba,2025-04-08,74907.27272727272
2025-06-08 00:00:00,,IFRC,Haiti,Marítima,,SOCIETE NATIONALE DE LA CROIX-ROUGE HAITIENNE ,16563.53,3.1,543.1,0.5431,08,Agosto,IFRC,Marítimo,Haití,2025-06-08,30498.12189283741
2025-06-08 00:00:00,,IFRC,Haiti,Marítima,,SOCIETE NATIONALE DE LA CROIX-ROUGE HAITIENNE ,25947.0,24.2,9900.0,9.9,08,Agosto,IFRC,Marítimo,Haití,2025-06-08,2620.909090909091
2025-06-08 00:00:00,,IFRC,Haiti,Marítima,,SOCIETE NATIONALE DE LA CROIX-ROUGE HAITIENNE ,29430.000000000004,21.9,6300.0,6.3,08,Agosto,IFRC,Marítimo,Haití,2025-06-08,4671.4285714285725
2025-06-08 00:00:00,,IFRC,Haiti,Marítima,,SOCIETE NATIONALE DE LA CROIX-ROUGE HAITIENNE ,28449.0,36.0,6840.0,6.84,08,Agosto,IFRC,Marítimo,Haití,2025-06-08,4159.210526315789
2025-06-08 00:00:00,,IFRC,Haiti,Marítima,,SOCIETE NATIONALE DE LA CROIX-ROUGE HAITIENNE ,30411.0,32.5,5940.0,5.94,08,Agosto,IFRC,Marítimo,Haití,2025-06-08,5119.696969696969
11/08/2025,,WFP - UNHRD,Panama,Terrestre,,Gobierno de la Republica de Panama,125086.82,73.68,15443.6,15.4436,08,Agosto,UNHRD,Terrestre,Panamá,2025-08-11,8099.58947395685
13/08/2025,,WFP - UNHRD,Dominica,Marítima,,PAHO,819.0,0.001,0.093,9.3e-05,08,Agosto,UNHRD,Marítimo,Dominica,2025-08-13,8806451.612903226
14/08/2025,,WFP - UNHRD,Saint Lucia,Marítima,,PAHO,819.0,0.001,0.093,9.3e-05,08,Agosto,UNHRD,Marítimo,Santa Lucía,2025-08-14,8806451.612903226
15/08/2025,,IFRC,Cuba,Aérea,,"MEDICUBA , S.A / CRUZ ROJA CUBANA",31540.0,0.4,68.8,0.0688,08,Agosto,IFRC,Aéreo,Cuba,2025-08-15,458430.23255813954
15/08/2025,,IFRC,Cuba,Aérea,,"MEDICUBA , S.A / CRUZ ROJA CUBANA",725.0,0.0,3.8,0.0038,08,Agosto,IFRC,Aéreo,Cuba,2025-08-15,190789.47368421053
15/08/2025,,IFRC,Cuba,Aérea,,"MEDICUBA , S.A / CRUZ ROJA CUBANA",2772.0,0.0,6.2,0.0062,08,Agosto,IFRC,Aéreo,Cuba,2025-08-15,447096.7741935484
15/08/2025,,IFRC,Cuba,Aérea,,"MEDICUBA , S.A / CRUZ ROJA CUBANA",290.0,0.0,1.2,0.0012,08,Agosto,IFRC,Aéreo,Cuba,2025-08-15,241666.6666666667
15/08/2025,,IFRC,Cuba,Aérea,,"MEDICUBA , S.A / CRUZ ROJA CUBANA",168.0,0.0,0.0,0.0,08,Agosto,IFRC,Aéreo,Cuba,2025-08-15,
15/08/2025,,IFRC,Cuba,Aérea,,"MEDICUBA , S.A / CRUZ ROJA CUBANA",35.0,0.0,5.6,0.0056,08,Agosto,IFRC,Aéreo,Cuba,2025-08-15,6250.0
15/08/2025,,IFRC,Cuba,Aérea,,"MEDICUBA , S.A / CRUZ ROJA CUBANA",725.0,0.1,11.6,0.0116,08,Agosto,IFRC,Aéreo,Cuba,2025-08-15,62500.00000000001
15/08/2025,,IFRC,Cuba,Aérea,,"MEDICUBA , S.A / CRUZ ROJA CUBANA",1900.0,0.3,41.2,0.0412,08,Agosto,IFRC,Aéreo,Cuba,2025-08-15,46116.50485436893
15/08/2025,,IFRC,Cuba,Aérea,,"MEDICUBA , S.A / CRUZ ROJA CUBANA",130.0,0.1,16.8,0.016800000000000002,08,Agosto,IFRC,Aéreo,Cuba,2025-08-15,7738.095238095237
15/08/2025,,IFRC,Cuba,Aérea,,"MEDICUBA , S.A / CRUZ ROJA CUBANA",36.0,0.4,9.8,0.009800000000000001,08,Agosto,IFRC,Aéreo,Cuba,2025-08-15,3673.4693877551017
15/08/2025,,IFRC,Cuba,Aérea,,"MEDICUBA , S.A / CRUZ ROJA CUBANA",80.0,0.0,0.0,0.0,08,Agosto,IFRC,Aéreo,Cuba,2025-08-15,
15/08/2025,,IFRC,Cuba,Aérea,,"MEDICUBA , S.A / CRUZ ROJA CUBANA",130.0,0.0,0.0,0.0,08,Agosto,IFRC,Aéreo,Cuba,2025-08-15,
15/08/2025,,IFRC,Cuba,Aérea,,"MEDICUBA , S.A / CRUZ ROJA CUBANA",110.0,0.0,0.0,0.0,08,Agosto,IFRC,Aéreo,Cuba,2025-08-15,
22/08/2025,,IFRC,Venezuela,Marítima,,IFRC,18000.0,3.1,543.075,0.5430750000000001,08,Agosto,IFRC,Marítimo,Venezuela,2025-08-22,33144.593288219854
22/08/2025,,IFRC,Venezuela,Marítima,,IFRC,8880.0,7.2,1800.0,1.8,08,Agosto,IFRC,Marítimo,Venezuela,2025-08-22,4933.333333333333
22/08/2025,,IFRC,Venezuela,Marítima,,IFRC,34500.0,27.0,7600.0,7.6,08,Agosto,IFRC,Marítimo,Venezuela,2025-08-22,4539.473684210527
22/08/2025,,IFRC,Venezuela,Marítima,,IFRC,33300.0,32.5,5580.0,5.58,08,Agosto,IFRC,Marítimo,Venezuela,2025-08-22,5967.741935483871
22/08/2025,,IFRC,Venezuela,Marítima,,IFRC,3690.0,3.2,620.0,0.62,08,Agosto,IFRC,Marítimo,Venezuela,2025-08-22,5951.612903225807
22/08/2025,,IFRC,Venezuela,Marítima,,IFRC,14790.0,5.8,1416.0,1.416,08,Agosto,IFRC,Marítimo,Venezuela,2025-08-22,10444.915254237289
25/08/2025,,IFRC,Brazil,Aérea,,COMITÊ INTERNACIONAL DA CRUZ VERMELHA (CICV),4734.73,0.91,97.6,0.09759999999999999,08,Agosto,IFRC,Aéreo,Brasil,2025-08-25,48511.57786885246
27/08/2025,,IFRC,Barbados,Marítima,,Barbados Red Cross,9455.0,1.6,161.20000000000002,0.1612,08,Agosto,IFRC,Marítimo,Barbados,2025-08-27,58653.84615384615
27/08/2025,,IFRC,Barbados,Marítima,,Barbados Red Cross,3916.8,3.2,912.0,0.912,08,Agosto,IFRC,Marítimo,Barbados,2025-08-27,4294.736842105263
27/08/2025,,IFRC,Barbados,Marítima,,Barbados Red Cross,2611.2,2.2,608.0,0.608,08,Agosto,IFRC,Marítimo,Barbados,2025-08-27,4294.736842105263
27/08/2025,,IFRC,Barbados,Marítima,,Barbados Red Cross,652.5,1.1,94.5,0.0945,08,Agosto,IFRC,Marítimo,Barbados,2025-08-27,6904.761904761905
27/08/2025,,IFRC,Barbados,Marítima,,Barbados Red Cross,192.0,0.0,5.6,0.0056,08,Agosto,IFRC,Marítimo,Barbados,2025-08-27,34285.71428571428
27/08/2025,,IFRC,Barbados,Marítima,,Barbados Red Cross,3514.5,1.0,3900.0,3.9,08,Agosto,IFRC,Marítimo,Barbados,2025-08-27,901.1538461538462
27/08/2025,,IFRC,Barbados,Marítima,,Barbados Red Cross,3137.95,3.0,400.0,0.4,08,Agosto,IFRC,Marítimo,Barbados,2025-08-27,7844.874999999999
27/08/2025,,,,,,,497144.46,290.242,,69.65186100000001,08,Agosto,,,,2025-08-27,7137.561765937596
10/09/2025,,WFP - UNHRD,Cuba,Aérea,,PAHO,7187.4,1.91,129.0,0.129,09,Sept,UNHRD,Aéreo,Cuba,2025-09-10,55716.279069767435
10/09/2025,,WFP - UNHRD,Cuba,Terrestre,,FAO,21277.14,32.47,2420.0,2.42,09,Sept,UNHRD,Terrestre,Cuba,2025-09-10,8792.206611570247
2025-01-09 00:00:00,,WFP - UNHRD,Cuba,Aérea,,PAHO,113347.08,37.225,5666.000000000001,5.666000000000001,09,Sept,UNHRD,Aéreo,Cuba,2025-01-09,20004.779385810092
2025-01-09 00:00:00,,WFP - UNHRD,Haiti,Aérea,,PAHO,15962.970000000003,10.21,1465.5,1.4655,09,Sept,UNHRD,Aéreo,Haití,2025-01-09,10892.507676560903
2025-03-09 00:00:00,,IFRC,Guatemala,Aérea,,Cruz Roja Guatemalteca,9600.0,0.2,96.0,0.096,09,Sept,IFRC,Aéreo,Guatemala,2025-03-09,100000.0
2025-04-09 00:00:00,,IFRC,Honduras,Terrestre,,Cruz Roja Hondureña,38500.0,17.6,1500.0,1.5,09,Sept,IFRC,Terrestre,Honduras,2025-04-09,25666.666666666668
2025-04-09 00:00:00,,IFRC,Honduras,Terrestre,,Cruz Roja Hondureña,33580.0,27.0,7600.0,7.6,09,Sept,IFRC,Terrestre,Honduras,2025-04-09,4418.421052631579
24/09/2025,,IFRC,Honduras,Terrestre,,Cruz Roja Hondureña,7360.0,11.3,1000.0,1.0,09,Sept,IFRC,Terrestre,Honduras,2025-09-24,7360.0
24/09/2025,,IFRC,Panama,Terrestre,,WFP - PAHO UNHRD,84000.0,10.4,2440.0,2.44,09,Sept,IFRC,Terrestre,Panamá,2025-09-24,34426.229508196724
24/09/2025,,IFRC,Panama,Terrestre,,WFP - PAHO UNHRD,269.48,0.1,28.0,0.028,09,Sept,IFRC,Terrestre,Panamá,2025-09-24,9624.285714285716
24/09/2025,,IFRC,Panama,Terrestre,,WFP - PAHO UNHRD,1602.0,1.8,234.0,0.234,09,Sept,IFRC,Terrestre,Panamá,2025-09-24,6846.153846153846
24/09/2025,,IFRC,Panama,Terrestre,,WFP - PAHO UNHRD,23035.0,14.5,5610.0,5.61,09,Sept,IFRC,Terrestre,Panamá,2025-09-24,4106.060606060606
24/09/2025,,IFRC,Panama,Terrestre,,WFP - PAHO UNHRD,8092.5,21.0,3420.0,3.42,09,Sept,IFRC,Terrestre,Panamá,2025-09-24,2366.2280701754385
24/09/2025,,IFRC,Panama,Terrestre,,WFP - PAHO UNHRD,6832.0,6.7,1758.0,1.758,09,Sept,IFRC,Terrestre,Panamá,2025-09-24,3886.2343572241184
24/09/2025,,IFRC,Panama,Terrestre,,WFP - PAHO UNHRD,23575.0,1.6,436.0,0.436,09,Sept,IFRC,Terrestre,Panamá,2025-09-24,54071.10091743119
24/09/2025,,IFRC,Panama,Terrestre,,WFP - PAHO UNHRD,8280.0,4.9,1920.0,1.92,09,Sept,IFRC,Terrestre,Panamá,2025-09-24,4312.5
24/09/2025,,IFRC,Panama,Terrestre,,WFP - PAHO UNHRD,15270.0,14.1,4570.0,4.57,09,Sept,IFRC,Terrestre,Panamá,2025-09-24,3341.3566739606126
24/09/2025,,IFRC,Panama,Terrestre,,WFP - PAHO UNHRD,13601.0,12.6,4070.0,4.07,09,Sept,IFRC,Terrestre,Panamá,2025-09-24,3341.7690417690415
24/09/2025,,IFRC,Panama,Terrestre,,WFP - PAHO UNHRD,440.0,0.7,98.0,0.098,09,Sept,IFRC,Terrestre,Panamá,2025-09-24,4489.7959183673465
24/09/2025,,,,,,,431811.56999999995,226.315,,44.4605,09,Sept,,,,2025-09-24,9712.251774046625
2025-01-10 00:00:00,2007760.0,WFP-UNHRD,Bolivia (Plurinational State of),Air commercial,Air  ,PAHO,1999.8200000000002,10.984000000000002,,1.2868140000000001,10,Oct,UNHRD,Aéreo,Bolivia,2025-01-10,1554.0862937456384
2025-01-10 00:00:00,2007902.0,WFP-UNHRD,Haiti,Air charter,Air  ,AECID,150109.83,54.97,,12.439,10,Oct,UNHRD,Aéreo,Haití,2025-01-10,12067.676662111102
2025-01-10 00:00:00,2008001.0,WFP-UNHRD,Haiti,Air commercial,Air  ,PAHO,11799.960000000001,6.310999999999998,,1.307744,10,Oct,UNHRD,Aéreo,Haití,2025-01-10,9023.14214402819
2025-01-10 00:00:00,2008009.0,WFP-UNHRD,Panama,Land,Land,UNICEF,3633.05,2.57,,0.439,10,Oct,UNHRD,Terrestre,Panamá,2025-01-10,8275.740318906606
2025-01-10 00:00:00,2008010.0,WFP-UNHRD,Panama,Land,Land,UNICEF,24662.0,17.62,,3.623,10,Oct,UNHRD,Terrestre,Panamá,2025-01-10,6807.065967430306
2025-01-10 00:00:00,2008020.0,WFP-UNHRD,Cuba,Sea,Sea,PAHO,74805.01000000001,53.27999999999999,,7.19773,10,Oct,UNHRD,Marítimo,Cuba,2025-01-10,10392.861360456702
2025-07-10 00:00:00,39.0,IFRC,Guadeloupe,Sea,Sea,,49830.0,28.8,,14.4,10,Oct,IFRC,Marítimo,Guadalupe,2025-07-10,3460.4166666666665
2025-07-10 00:00:00,39.0,IFRC,Guadeloupe,Sea,Sea,,46500.0,40.3,,16.5,10,Oct,IFRC,Marítimo,Guadalupe,2025-07-10,2818.181818181818
2025-07-10 00:00:00,39.0,IFRC,Guadeloupe,Sea,Sea,,10845.0,7.7,,2.7,10,Oct,IFRC,Marítimo,Guadalupe,2025-07-10,4016.6666666666665
2025-07-10 00:00:00,39.0,IFRC,Guadeloupe,Sea,Sea,,49815.0,36.5,,10.5,10,Oct,IFRC,Marítimo,Guadalupe,2025-07-10,4744.285714285715
2025-07-10 00:00:00,39.0,IFRC,Guadeloupe,Sea,Sea,,5700.0,5.2,,0.7066699999999999,10,Oct,IFRC,Marítimo,Guadalupe,2025-07-10,8065.999688680715
2025-07-10 00:00:00,39.0,IFRC,Guadeloupe,Sea,Sea,,10540.0,13.6,,2.584,10,Oct,IFRC,Marítimo,Guadalupe,2025-07-10,4078.9473684210525
2025-07-10 00:00:00,39.0,IFRC,Guadeloupe,Sea,Sea,,1240.0,1.1,,0.304,10,Oct,IFRC,Marítimo,Guadalupe,2025-07-10,4078.947368421053
2025-07-10 00:00:00,39.0,IFRC,Guadeloupe,Sea,Sea,,16740.0,14.6,,4.104,10,Oct,IFRC,Marítimo,Guadalupe,2025-07-10,4078.9473684210525
2025-07-10 00:00:00,39.0,IFRC,Guadeloupe,Sea,Sea,,1240.0,1.638,,0.304,10,Oct,IFRC,Marítimo,Guadalupe,2025-07-10,4078.947368421053
2025-07-10 00:00:00,39.0,IFRC,Guadeloupe,Sea,Sea,,9540.960000000001,10.04136,,1.7236000000000002,10,Oct,IFRC,Marítimo,Guadalupe,2025-07-10,5535.4838709677415
2025-07-10 00:00:00,39.0,IFRC,Guadeloupe,Sea,Sea,,6864.0,6.384,,1.24,10,Oct,IFRC,Marítimo,Guadalupe,2025-07-10,5535.483870967742
2025-07-10 00:00:00,39.0,IFRC,Guadeloupe,Sea,Sea,,35075.04,32.622240000000005,,6.3364,10,Oct,IFRC,Marítimo,Guadalupe,2025-07-10,5535.4838709677415
2025-07-10 00:00:00,39.0,IFRC,Guadeloupe,Sea,Sea,,6149.999999999999,11.764499999999998,,1.66,10,Oct,IFRC,Marítimo,Guadalupe,2025-07-10,3704.819277108433
2025-07-10 00:00:00,39.0,IFRC,Guadeloupe,Sea,Sea,,20745.0,10.804499999999999,,2.6550000000000002,10,Oct,IFRC,Marítimo,Guadalupe,2025-07-10,7813.559322033898
2025-07-10 00:00:00,39.0,IFRC,Guadeloupe,Sea,Sea,,15000.0,8.367975,,1.2,10,Oct,IFRC,Marítimo,Guadalupe,2025-07-10,12500.0
2025-10-10 00:00:00,40.0,IFRC,Cuba,Sea,Sea,,87000.0,172.0,,21.7,10,Oct,IFRC,Marítimo,Cuba,2025-10-10,4009.2165898617513
15/10/2025,2008028.0,WFP-UNHRD,Cuba,Sea,Sea,PAHO,472250.3800000001,0.0,,46.095,10,Oct,UNHRD,Marítimo,Cuba,2025-10-15,10245.154138192866
16/10/2025,2008032.0,WFP-UNHRD,Haiti,Multimodal,Multimodal,IOM,121930.0,231.60000000000002,,55.676,10,Oct,UNHRD,Multimodal,Haití,2025-10-16,2189.9920971334145
16/10/2025,2008035.0,WFP-UNHRD,Bolivia (Plurinational State of),Air commercial,Air  ,PAHO,2751.04,0.42,,0.062354999999999994,10,Oct,UNHRD,Aéreo,Bolivia,2025-10-16,44118.99607088446
17/10/2025,41.0,IFRC,Venezuela,Sea,Sea,,46224.00000000001,51.66720000000001,,8.64,10,Oct,IFRC,Marítimo,Venezuela,2025-10-17,5350.000000000001
17/10/2025,41.0,IFRC,Venezuela,Sea,Sea,,33135.72,25.022999999999996,,5.180200000000001,10,Oct,IFRC,Marítimo,Venezuela,2025-10-17,6396.610169491524
17/10/2025,41.0,IFRC,Venezuela,Sea,Sea,,12152.28,9.177,,1.8998000000000002,10,Oct,IFRC,Marítimo,Venezuela,2025-10-17,6396.610169491525
17/10/2025,41.0,IFRC,Venezuela,Sea,Sea,,20131.0,4.0,,1.368,10,Oct,IFRC,Marítimo,Venezuela,2025-10-17,14715.6432748538
17/10/2025,41.0,IFRC,Venezuela,Sea,Sea,,4928.0,2.765696,,0.4,10,Oct,IFRC,Marítimo,Venezuela,2025-10-17,12320.0
17/10/2025,41.0,IFRC,Venezuela,Sea,Sea,,2464.0,1.26208,,0.2,10,Oct,IFRC,Marítimo,Venezuela,2025-10-17,12320.0
17/10/2025,41.0,IFRC,Venezuela,Sea,Sea,,8232.0,4.1328,,1.392,10,Oct,IFRC,Marítimo,Venezuela,2025-10-17,5913.793103448276
17/10/2025,41.0,IFRC,Venezuela,Sea,Sea,,4116.0,2.671104,,0.8160000000000001,10,Oct,IFRC,Marítimo,Venezuela,2025-10-17,5044.117647058823
17/10/2025,41.0,IFRC,Venezuela,Sea,Sea,,8618.76,12.672,,1.152,10,Oct,IFRC,Marítimo,Venezuela,2025-10-17,7481.562500000001
17/10/2025,41.0,IFRC,Venezuela,Sea,Sea,,0.0,0.0,,0.0,10,Oct,IFRC,Marítimo,Venezuela,2025-10-17,
27/10/2025,42.0,IFRC,Panama,Land,Land,,0.0,860.0,,0.00826,10,Oct,IFRC,Terrestre,Panamá,2025-10-27,0.0
27/10/2025,42.0,IFRC,Panama,Land,Land,,0.0,946.0,,0.00908,10,Oct,IFRC,Terrestre,Panamá,2025-10-27,0.0
28/10/2025,2008009.0,WFP-UNHRD,Panama,Land,Land,UNICEF,82825.07,94.78,,17.452998,10,Oct,UNHRD,Terrestre,Panamá,2025-10-28,4745.60702980657
31/10/2025,43.0,IFRC,Saint Vincent and the Grenadines,Sea,Sea,,9150.0,1.54,,0.132,10,Oct,IFRC,Marítimo,San Vicente y las Granadinas,2025-10-31,69318.18181818181
31/10/2025,43.0,IFRC,Saint Vincent and the Grenadines,Sea,Sea,,875.0,0.1,,0.0086,10,Oct,IFRC,Marítimo,San Vicente y las Granadinas,2025-10-31,101744.18604651163
31/10/2025,43.0,IFRC,Saint Vincent and the Grenadines,Sea,Sea,,51857.05,6.66,,2.54948,10,Oct,IFRC,Marítimo,San Vicente y las Granadinas,2025-10-31,20340.245854056517
31/10/2025,43.0,IFRC,Saint Vincent and the Grenadines,Sea,Sea,,6250.0,1.98,,0.4575,10,Oct,IFRC,Marítimo,San Vicente y las Granadinas,2025-10-31,13661.20218579235
31/10/2025,43.0,IFRC,Saint Vincent and the Grenadines,Sea,Sea,,1104.2,0.32,,0.05875,10,Oct,IFRC,Marítimo,San Vicente y las Granadinas,2025-10-31,18794.89361702128
31/10/2025,43.0,IFRC,Saint Vincent and the Grenadines,Sea,Sea,,669.24,1.09,,0.0726,10,Oct,IFRC,Marítimo,San Vicente y las Granadinas,2025-10-31,9218.181818181818
31/10/2025,43.0,IFRC,Saint Vincent and the Grenadines,Sea,Sea,,689.52,1.12,,0.07479999999999999,10,Oct,IFRC,Marítimo,San Vicente y las Granadinas,2025-10-31,9218.18181818182
31/10/2025,43.0,IFRC,Saint Vincent and the Grenadines,Sea,Sea,,669.24,1.09,,0.0726,10,Oct,IFRC,Marítimo,San Vicente y las Granadinas,2025-10-31,9218.181818181818
31/10/2025,43.0,IFRC,Saint Vincent and the Grenadines,Sea,Sea,,6275.0,6.28,,0.8,10,Oct,IFRC,Marítimo,San Vicente y las Granadinas,2025-10-31,7843.75
31/10/2025,43.0,IFRC,Saint Vincent and the Grenadines,Sea,Sea,,22256.0,2.24,,0.429,10,Oct,IFRC,Marítimo,San Vicente y las Granadinas,2025-10-31,51878.78787878788
31/10/2025,43.0,IFRC,Saint Vincent and the Grenadines,Sea,Sea,,1350.0,0.54,,0.0712,10,Oct,IFRC,Marítimo,San Vicente y las Granadinas,2025-10-31,18960.674157303372
31/10/2025,43.0,IFRC,Saint Vincent and the Grenadines,Sea,Sea,,180.0,0.08,,0.016,10,Oct,IFRC,Marítimo,San Vicente y las Granadinas,2025-10-31,11250.0
31/10/2025,43.0,IFRC,Saint Vincent and the Grenadines,Sea,Sea,,0.0,0.13,,0.023,10,Oct,IFRC,Marítimo,San Vicente y las Granadinas,2025-10-31,0.0
31/10/2025,44.0,IFRC,Guatemala,Air,Air,,1845.0,0.048,,0.007,10,Oct,IFRC,Aéreo,Guatemala,2025-10-31,263571.4285714286
31/10/2025,44.0,IFRC,Guatemala,Air,Air,,5427.65,0.11232,,0.023,10,Oct,IFRC,Aéreo,Guatemala,2025-10-31,235984.78260869565
31/10/2025,44.0,IFRC,Guatemala,Air,Air,,690.0,0.20227499999999998,,0.0026,10,Oct,IFRC,Aéreo,Guatemala,2025-10-31,265384.6153846154
31/10/2025,44.0,IFRC,Guatemala,Air,Air,,3200.0,0.20862000000000003,,0.029,10,Oct,IFRC,Aéreo,Guatemala,2025-10-31,110344.82758620688
31/10/2025,45.0,IFRC,Jamaica,Air,Air,,52500.0,32.66,,16.334,10,Oct,IFRC,Aéreo,Jamaica,2025-10-31,3214.1545243051305
31/10/2025,45.0,IFRC,Jamaica,Air,Air,,52500.0,0.93,,0.466,10,Oct,IFRC,Aéreo,Jamaica,2025-10-31,112660.94420600857
31/10/2025,45.0,IFRC,Jamaica,Air,Air,,11170.34,11.343360000000002,,4.642,10,Oct,IFRC,Aéreo,Jamaica,2025-10-31,2406.363636363636
31/10/2025,45.0,IFRC,Jamaica,Air,Air,,28534.66,28.976640000000003,,11.858,10,Oct,IFRC,Aéreo,Jamaica,2025-10-31,2406.363636363636
31/10/2025,45.0,IFRC,Jamaica,Air,Air,,10500.0,5.57865,,0.8,10,Oct,IFRC,Aéreo,Jamaica,2025-10-31,13125.0
31/10/2025,45.0,IFRC,Jamaica,Air,Air,,13235.0,13.440000000000003,,5.5,10,Oct,IFRC,Aéreo,Jamaica,2025-10-31,2406.3636363636365
31/10/2025,45.0,IFRC,Jamaica,Air,Air,,10509.0,9.275039999999999,,1.8983999999999999,10,Oct,IFRC,Aéreo,Jamaica,2025-10-31,5535.714285714286
31/10/2025,45.0,IFRC,Jamaica,Air,Air,,4991.0,4.40496,,0.9016,10,Oct,IFRC,Aéreo,Jamaica,2025-10-31,5535.714285714286
31/10/2025,45.0,IFRC,Jamaica,Air,Air,,9398.0,4.572,,1.778,10,Oct,IFRC,Aéreo,Jamaica,2025-10-31,5285.714285714285
31/10/2025,45.0,IFRC,Jamaica,Air,Air,,9102.0,4.428,,1.722,10,Oct,IFRC,Aéreo,Jamaica,2025-10-31,5285.714285714286
31/10/2025,45.0,IFRC,Jamaica,Air,Air,,21000.0,21.15,,3.6,10,Oct,IFRC,Aéreo,Jamaica,2025-10-31,5833.333333333333
31/10/2025,45.0,IFRC,Jamaica,Air,Air,,1700.0,1.5776000000000001,,0.23555555555555555,10,Oct,IFRC,Aéreo,Jamaica,2025-10-31,7216.981132075472
31/10/2025,45.0,IFRC,Jamaica,Air,Air,,184.5,0.3716900000000001,,0.05533333333333334,10,Oct,IFRC,Aéreo,Jamaica,2025-10-31,3334.33734939759
31/10/2025,45.0,IFRC,Jamaica,Air,Air,,1660.5,3.3452100000000007,,0.498,10,Oct,IFRC,Aéreo,Jamaica,2025-10-31,3334.3373493975905
31/10/2025,45.0,IFRC,Jamaica,Air,Air,,6240.0,2.8812,,0.708,10,Oct,IFRC,Aéreo,Jamaica,2025-10-31,8813.5593220339
31/10/2025,45.0,,,,,,1805305.82,2962.0040199999994,,311.08666988888893,10,Oct,,,,2025-10-31,5803.224614686327
2025-01-11 00:00:00,2007583.0,WFP-UNHRD,Honduras,Air commercial,Air,UNFPA,17033.33,0.67,1.0,0.001,11,Nov,UNHRD,Aéreo,Honduras,2025-01-11,17033330.0
2025-01-11 00:00:00,2007921.0,WFP-UNHRD,Cuba,Sea,Sea,UNFPA,14711.46,6.89,1330.0,1.33,11,Nov,UNHRD,Marítimo,Cuba,2025-01-11,11061.24812030075
2025-01-11 00:00:00,2008009.0,WFP-UNHRD,Panama,Land,Land,UNICEF,6451.8099999999995,5.038,1984.0,1.984,11,Nov,UNHRD,Terrestre,Panamá,2025-01-11,3251.9203629032254
2025-01-11 00:00:00,2008035.0,WFP-UNHRD,Cuba,Air commercial,Air,PAHO,69194.06,15.183,2808.1,2.8081,11,Nov,UNHRD,Aéreo,Cuba,2025-01-11,24640.881734980947
2025-01-11 00:00:00,2008050.0,WFP-UNHRD,Panama,Land,Land,IOM,1208.33,0.07,275.0,0.275,11,Nov,UNHRD,Terrestre,Panamá,2025-01-11,4393.927272727272
2025-01-11 00:00:00,2008058.0,WFP-UNHRD,Panama,Land,Land,UNICEF,65498.67,42.39,6726.0,6.726,11,Nov,UNHRD,Terrestre,Panamá,2025-01-11,9738.131132917038
2025-01-11 00:00:00,2008062.0,WFP-UNHRD,Jamaica,Air commercial,Air,PAHO,122423.62000000002,31.648000000000007,5497.999999999998,5.497999999999998,11,Nov,UNHRD,Aéreo,Jamaica,2025-01-11,22266.93706802475
2025-01-11 00:00:00,2008091.0,WFP-UNHRD,Panama,Air commercial,Air,UNICEF,13607.33,11.469999999999999,2659.0,2.659,11,Nov,UNHRD,Aéreo,Panamá,2025-01-11,5117.461451673562
2025-01-11 00:00:00,2008091.0,WFP-UNHRD,Panama,Air commercial,Air,UNICEF,7828.31,14.94,1639.0,1.639,11,Nov,UNHRD,Aéreo,Panamá,2025-01-11,4776.272117144601
2025-01-11 00:00:00,2008091.0,WFP-UNHRD,Panama,Air commercial,Air,UNICEF,33036.91,18.651,3037.98,3.03798,11,Nov,UNHRD,Aéreo,Panamá,2025-01-11,10874.630511063273
2025-01-11 00:00:00,45.0,IFRC,Jamaica,,Sea,,12345.0,7.9,3950.3999999999996,3.9503999999999997,11,Nov,IFRC,Marítimo,Jamaica,2025-01-11,3125.0000000000005
2025-01-11 00:00:00,45.0,IFRC,Jamaica,,Sea,,13155.0,8.42,4209.599999999999,4.209599999999999,11,Nov,IFRC,Marítimo,Jamaica,2025-01-11,3125.0000000000005
2025-01-11 00:00:00,45.0,IFRC,Jamaica,,Sea,,12493.84,12.69,5192.0,5.192,11,Nov,IFRC,Marítimo,Jamaica,2025-01-11,2406.3636363636365
2025-01-11 00:00:00,45.0,IFRC,Jamaica,,Sea,,10005.66,10.16,4158.0,4.158,11,Nov,IFRC,Marítimo,Jamaica,2025-01-11,2406.363636363636
2025-01-11 00:00:00,45.0,IFRC,Jamaica,,Sea,,4440.0,2.16,840.0,0.84,11,Nov,IFRC,Marítimo,Jamaica,2025-01-11,5285.714285714286
2025-01-11 00:00:00,45.0,IFRC,Jamaica,,Sea,,27010.0,13.14,5110.0,5.11,11,Nov,IFRC,Marítimo,Jamaica,2025-01-11,5285.714285714285
2025-01-11 00:00:00,45.0,IFRC,Jamaica,,Sea,,2890.0,2.6799999999999997,400.0,0.4,11,Nov,IFRC,Marítimo,Jamaica,2025-01-11,7225.0
2025-01-11 00:00:00,45.0,IFRC,Jamaica,,Sea,,26350.0,23.26,4760.0,4.76,11,Nov,IFRC,Marítimo,Jamaica,2025-01-11,5535.714285714286
2025-01-11 00:00:00,45.0,IFRC,Jamaica,,Sea,,3136.5,6.32,941.0,0.941,11,Nov,IFRC,Marítimo,Jamaica,2025-01-11,3333.1562167906486
2025-01-11 00:00:00,45.0,IFRC,Jamaica,,Sea,,10608.0,4.9,1204.0,1.204,11,Nov,IFRC,Marítimo,Jamaica,2025-01-11,8810.63122923588
2025-01-11 00:00:00,46.0,IFRC,Cuba,,Air,,8650.0,4.8,2400.0,2.4,11,Nov,IFRC,Aéreo,Cuba,2025-01-11,3604.166666666667
2025-01-11 00:00:00,46.0,IFRC,Cuba,,Air,,12216.0,10.8,4400.0,4.4,11,Nov,IFRC,Aéreo,Cuba,2025-01-11,2776.363636363636
2025-01-11 00:00:00,46.0,IFRC,Cuba,,Air,,16000.0,9.0,3500.0,3.5,11,Nov,IFRC,Aéreo,Cuba,2025-01-11,4571.428571428572
2025-01-11 00:00:00,46.0,IFRC,Cuba,,Air,,21000.0,17.5,3550.0,3.55,11,Nov,IFRC,Aéreo,Cuba,2025-01-11,5915.492957746479
2025-01-11 00:00:00,46.0,IFRC,Cuba,,Air,,3000.0,2.2,680.0,0.68,11,Nov,IFRC,Aéreo,Cuba,2025-01-11,4411.764705882352
2025-01-11 00:00:00,46.0,IFRC,Cuba,,Air,,5250.0,2.8,400.0,0.4,11,Nov,IFRC,Aéreo,Cuba,2025-01-11,13125.0
2025-01-11 00:00:00,46.0,IFRC,Cuba,,Air,,34500.0,30.3,4020.0,4.02,11,Nov,IFRC,Aéreo,Cuba,2025-01-11,8582.089552238807
2025-03-11 00:00:00,2008062.0,WFP-UNHRD,Cuba,Air commercial,Air,PAHO,28491.46,0.17800000000000005,81.80000000000001,0.08180000000000001,11,Nov,UNHRD,Aéreo,Cuba,2025-03-11,348306.3569682151
2025-05-11 00:00:00,2879.0,WFP-UNHRD,Jamaica,Air commercial,Air,WFP,2283.05,3.99,567.0,0.567,11,Nov,UNHRD,Aéreo,Jamaica,2025-05-11,4026.543209876544
2025-05-11 00:00:00,5564.0,WFP-UNHRD,Jamaica,Air commercial,Air,WFP,141221.22,64.18,19975.0,19.975,11,Nov,UNHRD,Aéreo,Jamaica,2025-05-11,7069.898372966208
2025-05-11 00:00:00,2008058.0,WFP-UNHRD,Panama,Land,Land,UNICEF,1059.53,0.09,50.0,0.05,11,Nov,UNHRD,Terrestre,Panamá,2025-05-11,21190.6
2025-05-11 00:00:00,2008065.0,WFP-UNHRD,Jamaica,Air commercial,Air,Catholic Relief Service,30268.15,28.51,11007.0,11.007,11,Nov,UNHRD,Aéreo,Jamaica,2025-05-11,2749.9000635958937
2025-05-11 00:00:00,2008066.0,WFP-UNHRD,Jamaica,Air commercial,Air,UNICEF,74737.66,60.83,17013.0,17.013,11,Nov,UNHRD,Aéreo,Jamaica,2025-05-11,4392.973608417093
2025-05-11 00:00:00,2008068.0,WFP-UNHRD,Haiti,Air commercial,Air,IOM,43204.2,93.59,17192.0,17.192,11,Nov,UNHRD,Aéreo,Haití,2025-05-11,2513.040949278734
2025-05-11 00:00:00,2008070.0,WFP-UNHRD,Haiti,Air commercial,Air,UNICEF,147637.71,49.47,9326.0,9.326,11,Nov,UNHRD,Aéreo,Haití,2025-05-11,15830.764529272998
2025-06-11 00:00:00,48.0,IFRC,Cuba,,Sea,,22100.0,18.53,3835.0,3.835,11,Nov,IFRC,Marítimo,Cuba,2025-06-11,5762.71186440678
2025-06-11 00:00:00,48.0,IFRC,Cuba,,Sea,,3250.0,2.89,884.0,0.884,11,Nov,IFRC,Marítimo,Cuba,2025-06-11,3676.470588235294
2025-07-11 00:00:00,5536.0,WFP-UNHRD,Honduras,Sea,Sea,WFP,48537.0,17.341,7426.499,7.426499,11,Nov,UNHRD,Marítimo,Honduras,2025-07-11,6535.650243809365
2025-07-11 00:00:00,47.0,IFRC,Panama,,Road,,0.0,3.33,438.5,0.4385,11,Nov,IFRC,Terrestre,Panamá,2025-07-11,0.0
11/11/2025,2008062.0,WFP-UNHRD,Jamaica,Air commercial,Air,PAHO,50.0,0.432,23.0,0.023,11,Nov,UNHRD,Aéreo,Jamaica,2025-11-11,2173.913043478261
11/11/2025,2008089.0,WFP-UNHRD,Honduras,Land,Land,UNFPA,5000.0,0.93,112.0,0.112,11,Nov,UNHRD,Terrestre,Honduras,2025-11-11,44642.857142857145
2025-12-11 00:00:00,2008062.0,WFP-UNHRD,Barbados,Air commercial,Air,PAHO,1112.04,1.549,164.501,0.164501,11,Nov,UNHRD,Aéreo,Barbados,2025-12-11,6760.080485832912
13/11/2025,5567.0,WFP-UNHRD,Guatemala,Sea,Sea,WFP,91891.8,35.99,14632.5,14.6325,11,Nov,UNHRD,Marítimo,Guatemala,2025-11-13,6279.979497693491
14/11/2025,2008076.0,WFP-UNHRD,Cuba,Air commercial,Air,Catholic Relief Service,22357.16,20.735,7995.0,7.995,11,Nov,UNHRD,Aéreo,Cuba,2025-11-14,2796.392745465916
14/11/2025,2008077.0,WFP-UNHRD,Cuba,Air commercial,Air,UNFPA,28366.0,18.71,2971.0,2.971,11,Nov,UNHRD,Aéreo,Cuba,2025-11-14,9547.627061595422
15/11/2025,2008081.0,WFP-UNHRD,Cuba,Air commercial,Air,UNHCR,14869.29,14.78,5236.0,5.236,11,Nov,UNHRD,Aéreo,Cuba,2025-11-15,2839.8185637891524
16/11/2025,2008062.0,WFP-UNHRD,Cuba,Air commercial,Air,PAHO,74204.17,19.91,3719.5,3.7195,11,Nov,UNHRD,Aéreo,Cuba,2025-11-16,19950.038983734372
16/11/2025,48.0,IFRC,Cuba,,Sea,,2340.0,0.52,61.6,0.0616,11,Nov,IFRC,Marítimo,Cuba,2025-11-16,37987.01298701298
18/11/2025,2008083.0,WFP-UNHRD,Panama,Land,Land,UNICEF,165985.40000000002,128.04299999999998,30260.0,30.26,11,Nov,UNHRD,Terrestre,Panamá,2025-11-18,5485.3073364177135
19/11/2025,2008062.0,WFP-UNHRD,Cuba,Air commercial,Air,PAHO,82399.12,18.6,5171.0,5.171,11,Nov,UNHRD,Aéreo,Cuba,2025-11-19,15934.852059562945
19/11/2025,2008089.0,WFP-UNHRD,Jamaica,Land,Land,UNFPA,33800.0,29.64,4693.0,4.693,11,Nov,UNHRD,Terrestre,Jamaica,2025-11-19,7202.216066481995
20/11/2025,2008086.0,WFP-UNHRD,Jamaica,Land,Land,ShelterBox,26008.15,42.471000000000004,7402.0,7.402,11,Nov,UNHRD,Terrestre,Jamaica,2025-11-20,3513.665225614699
20/11/2025,49.0,IFRC,Jamaica,,Air,,18044.4,40.92,12144.0,12.144,11,Nov,IFRC,Aéreo,Jamaica,2025-11-20,1485.8695652173915
21/11/2025,2008062.0,WFP-UNHRD,Haiti,Air commercial,Air,PAHO,84478.9,24.925,5335.5019999999995,5.335501999999999,11,Nov,UNHRD,Aéreo,Haití,2025-11-21,15833.35551181501
21/11/2025,50.0,IFRC,Cuba,,Sea,,24400.0,18.978232000000002,2295.0,2.295,11,Nov,IFRC,Marítimo,Cuba,2025-11-21,10631.808278867104
21/11/2025,50.0,IFRC,Cuba,,Sea,,25400.0,17.20355,2310.0,2.31,11,Nov,IFRC,Marítimo,Cuba,2025-11-21,10995.670995670995
21/11/2025,50.0,IFRC,Cuba,,Sea,,25400.0,17.20355,2310.0,2.31,11,Nov,IFRC,Marítimo,Cuba,2025-11-21,10995.670995670995
27/11/2025,2008087.0,WFP-UNHRD,Cuba,Air charter,Air,ECHO,57724.97,83.77,13218.0,13.218,11,Nov,UNHRD,Aéreo,Cuba,2025-11-27,4367.148585262521
27/11/2025,2008087.0,WFP-UNHRD,Cuba,Air charter,Air,ECHO,117567.0,152.94,39027.0,39.027,11,Nov,UNHRD,Aéreo,Cuba,2025-11-27,3012.4529172111615
27/11/2025,2008105.0,WFP-UNHRD,Cuba,Air charter,Air,UNHCR,22987.39,43.83,10100.0,10.1,11,Nov,UNHRD,Aéreo,Cuba,2025-11-27,2275.9792079207923
29/11/2025,51.0,IFRC,Jamaica,,Sea,,21999.6,7.89,1899.0,1.899,11,Nov,IFRC,Marítimo,Jamaica,2025-11-29,11584.834123222749
29/11/2025,51.0,IFRC,Jamaica,,Sea,,21999.6,7.89,1899.0,1.899,11,Nov,IFRC,Marítimo,Jamaica,2025-11-29,11584.834123222749
29/11/2025,51.0,IFRC,Jamaica,,Sea,,3000.0,7.44,794.4,0.7944,11,Nov,IFRC,Marítimo,Jamaica,2025-11-29,3776.4350453172206
29/11/2025,51.0,,,,,,2088218.7999999998,1414.2093320000001,,337.24188200000003,11,Nov,,,,2025-11-29,6192.050606573236
01.12.2025,5332.0,UNHRD,Cuba,Sea,Sea,WFP,84706.33,67.08,9665.9,9.665899999999999,12,Dic,UNHRD,Marítimo,Cuba,2025-12-01,8763.41882287216
01.12.2025,2007902.0,UNHRD,Haiti,Air charter,Air ,AECID,150109.83,54.97,12439.0,12.439,12,Dic,UNHRD,Aéreo,Haití,2025-12-01,12067.676662111102
01.12.2025,2008040.0,UNHRD,Panama,Land,Land,UNICEF,2208.7799999999997,2.9400000000000004,73.0,0.073,12,Dic,UNHRD,Terrestre,Panamá,2025-12-01,30257.260273972603
09.12.2025,2008104.0,UNHRD,Panama,Sea,Sea,PAHO,15307.36,0.118,19.7,0.0197,12,Dic,UNHRD,Marítimo,Panamá,2025-12-09,777023.3502538071
19.12.2025,2008104.0,IFRC,Cuba,Sea,Sea,CanCross,3722.9999999999995,2.6880000000000006,1100.0,1.1,12,Dic,IFRC,Marítimo,Cuba,2025-12-19,3384.545454545454
19.12.2025,2008104.0,IFRC,Cuba,Sea,Sea,CanCross,17498.1,12.633600000000001,5170.0,5.17,12,Dic,IFRC,Marítimo,Cuba,2025-12-19,3384.5454545454545
19.12.2025,2008104.0,IFRC,Cuba,Sea,Sea,CanCross,11308.8,5.0750976,1368.0,1.368,12,Dic,IFRC,Marítimo,Cuba,2025-12-19,8266.666666666666
19.12.2025,2008104.0,IFRC,Cuba,Sea,Sea,CanCross,2907.0,1.9592495999999997,268.5333333333333,0.2685333333333333,12,Dic,IFRC,Marítimo,Cuba,2025-12-19,10825.47169811321
19.12.2025,2008104.0,IFRC,Cuba,Sea,Sea,CanCross,22634.7,10.018320000000001,855.0,0.855,12,Dic,IFRC,Marítimo,Cuba,2025-12-19,26473.333333333336
19.12.2025,2008104.0,IFRC,Cuba,Sea,Sea,CanCross,12410.0,5.57865,800.0,0.8,12,Dic,IFRC,Marítimo,Cuba,2025-12-19,15512.5
19.12.2025,2008104.0,IFRC,Jamaica,Sea,Sea,CanCross,168960.0,100.44480000000001,50222.4,50.2224,12,Dic,IFRC,Marítimo,Jamaica,2025-12-19,3364.235878811048
19.12.2025,2008104.0,IFRC,Jamaica,Sea,Sea,CanCross,0.0,0.9312000000000001,465.59999999999997,0.46559999999999996,12,Dic,IFRC,Marítimo,Jamaica,2025-12-19,0.0
19.12.2025,2008104.0,IFRC,Jamaica,Sea,Sea,CanCross,55862.0,0.05376000000000001,22.0,0.022,12,Dic,IFRC,Marítimo,Jamaica,2025-12-19,2539181.8181818184
19.12.2025,2008104.0,IFRC,Jamaica,Sea,Sea,CanCross,0.0,48.38400000000001,19800.0,19.8,12,Dic,IFRC,Marítimo,Jamaica,2025-12-19,0.0
19.12.2025,2008104.0,IFRC,Jamaica,Sea,Sea,CanCross,84480.0,45.144,18480.0,18.48,12,Dic,IFRC,Marítimo,Jamaica,2025-12-19,4571.428571428572
19.12.2025,2008104.0,IFRC,Jamaica,Sea,Sea,CanCross,24000.0,10.311839999999998,1413.3333333333333,1.4133333333333333,12,Dic,IFRC,Marítimo,Jamaica,2025-12-19,16981.132075471698
19.12.2025,2008104.0,IFRC,Jamaica,Sea,Sea,CanCross,53900.0,23.7336,6336.0,6.336,12,Dic,IFRC,Marítimo,Jamaica,2025-12-19,8506.944444444443
19.12.2025,2008104.0,IFRC,Jamaica,Sea,Sea,CanCross,0.0,17.800199999999997,4752.0,4.752,12,Dic,IFRC,Marítimo,Jamaica,2025-12-19,0.0
19.12.2025,2008104.0,IFRC,Jamaica,Sea,Sea,CanCross,44640.0,30.518207999999998,4838.4,4.8384,12,Dic,IFRC,Marítimo,Jamaica,2025-12-19,9226.190476190475
19.12.2025,2008104.0,IFRC,Jamaica,Sea,Sea,CanCross,0.0,21.04704,3225.6,3.2256,12,Dic,IFRC,Marítimo,Jamaica,2025-12-19,0.0
19.12.2025,2008104.0,IFRC,Jamaica,Sea,Sea,CanCross,18450.0,19.32288,2516.0,2.516,12,Dic,IFRC,Marítimo,Jamaica,2025-12-19,7333.068362480127
19.12.2025,2008104.0,IFRC,Jamaica,Sea,Sea,CanCross,0.0,7.223039999999999,969.0,0.969,12,Dic,IFRC,Marítimo,Jamaica,2025-12-19,0.0
19.12.2025,2008104.0,IFRC,Jamaica,Sea,Sea,CanCross,37500.0,41.52147999999999,3880.7999999999997,3.8808,12,Dic,IFRC,Marítimo,Jamaica,2025-12-19,9662.95609152752
19.12.2025,2008104.0,IFRC,Jamaica,Sea,Sea,CanCross,0.0,25.883519999999994,2419.2,2.4192,12,Dic,IFRC,Marítimo,Jamaica,2025-12-19,0.0
19.12.2025,2008104.0,IFRC,Jamaica,Sea,Sea,CanCross,20000.0,11.1573,1600.0,1.6,12,Dic,IFRC,Marítimo,Jamaica,2025-12-19,12500.0
19.12.2025,2008104.0,IFRC,Jamaica,Sea,Sea,CanCross,11000.0,12.96,2937.6,2.9375999999999998,12,Dic,IFRC,Marítimo,Jamaica,2025-12-19,3744.5533769063186
19.12.2025,2008104.0,,,,,,841605.8999999999,579.4977852000001,,155.63706666666667,12,Dic,,,,2025-12-19,5407.490118035292
